taxid,date,name
943970,5/28/2020,"HEALTH AND WELLNESS SECTION - MODULE 8 - WARNING SIGNS, SUPPORT AND OUTREACH"
943970,5/27/2020,COVID-19: PREPAREDNESS YOUR FAMILY AND HOME
943970,5/27/2020,HEALTH AND WELLNESS SECTION - MODULE 1 - PSYCHOLOGICAL HEALTH AND WELLNESS
943970,5/21/2020,CLT-OCCUPATIONAL-WORKPLACE SAFETY AND HEALTH
943970,5/12/2020,COVID-19: PREPAREDENESS
943970,5/12/2020,COVID-19: PROTECTIVE MASKS
943970,5/5/2020,SAFETY CONSIDERATIONS FOR PATROLLING THE NYC SUBWAY SYSTEM -DANGERS OF THE PLATFORM EDGE
943970,4/28/2020,CLT-MEMBER-EMPLOYEE WELLNESS
943970,4/23/2020,CLT-PROCEDURAL OPERATIONS
943970,4/22/2020,CLT-DOCUMENTATION AND FORMS
943970,4/21/2020,CLT-MEMBER-EMPLOYEE WELLNESS
943970,4/21/2020,CLT-PROCEDURAL OPERATIONS
943970,4/14/2020,CLT-PROCEDURAL OPERATIONS
943970,4/13/2020,CLT-OCCUPATIONAL-WORKPLACE SAFETY AND HEALTH
943970,3/24/2020,CLT-ENFORCEMENT ACTIONS
943970,3/20/2020,AXON TRAINING - MODULE 1 AXON BODY 2 BASIC OPERATION
943970,3/14/2020,CLT-ENFORCEMENT ACTIONS
943970,3/14/2020,CLT-OCCUPATIONAL-WORKPLACE SAFETY AND HEALTH
943970,3/11/2020,CLT-ENFORCEMENT ACTIONS
943970,3/11/2020,COLLABORATIVE POLICING- HUMAN TRAFFICKING
943970,3/11/2020,COUNTERTERRORISM ACTIVE SHOOTER TRAINING
943970,3/11/2020,DOMAIN AWARNESS SYSTEM (DAS)
943970,3/11/2020,INCREASE OFFICER SAFETY DURING VEHICLE STOPS
943970,3/11/2020,SAFEGUARDING HOSPITALIZED PRISONERS
943970,3/7/2020,"AXON BODY-WORN CAMERA TRAINING - CAMERA OPERATION, AXON VIEW AND EVIDENCE.COM (REQUIRED FOR LE4 COMM"
943970,2/26/2020,UTILIZING BALLISTIC PROTECTION IN DEPARTMENT VEHICLES (4:09)
943970,2/8/2020,CRIMINAL JUSTICE BUREAU - GIGLIO MATERIAL DISCLOSURES UNDER THE NEW DISCOVERY LAWS
943970,2/7/2020,CLT-MEMBER-EMPLOYEE WELLNESS
943970,1/22/2020,CROSSFIRE MITIGATION DURING CLOSE COMBAT INCIDENTS - PART 2
943970,1/22/2020,PROCESSING DISCOVERY MATERIAL IN THE FORMS ARREST FOLDER
943970,1/9/2020,CLT-PROCEDURAL OPERATIONS
943970,12/31/2019,CLT-OCCUPATIONAL-WORKPLACE SAFETY AND HEALTH
943970,12/17/2019,CLT-PROCEDURAL OPERATIONS
943970,12/16/2019,CLT-PROCEDURAL OPERATIONS
943970,12/15/2019,ACTIVITY LOG FOR IPHONE
943970,12/12/2019,CROSSFIRE MITIGATION DURING CLOSE COMBAT INCIDENTS
943970,12/10/2019,CJB - OVERVIEW OF THE NEW DISCOVERY LAWS
943970,12/10/2019,CLT-INFORMATION TECHNOLOGY
943970,11/30/2019,RESPONDING TO COMMERCIAL ROBBERIES PART LL - MODULE 1 AND MODULE 2
943970,11/27/2019,CJB - DESK APPEARANCE TICKETS: THE NEW LAWS AND GUIDELINES FOR PROCESSING DATS
943970,11/25/2019,CLT-PROCEDURAL OPERATIONS
943970,11/16/2019,DISCHARGING YOUR FIREARM AT A MOVING THREAT
943970,10/31/2019,CRISIS INTERVENTION TEAM TRAINING
943970,10/26/2019,PRISONER ESCAPE WARNING SIGNS
943970,10/26/2019,SUCCESSFULLY DISARMING AN EMOTIONALLY DISTURBED PERSON
943970,10/25/2019,FORCE POLICY UPDATE VIDEO
943970,10/24/2019,CRIMINAL JUSTICE BUREAU - DNA TRAINING VIDEO
943970,10/24/2019,CRITICAL DECISION MAKING MODEL
943970,10/17/2019,HIGHWAY DRUG IMPAIRED DRIVING COURSE
943970,10/17/2019,HIGHWAY PRELIMINARY BREATH TEST INSTRUMENT TRAINING - PBT
943970,10/16/2019,COUNTER TERRORISM INITIAL PATROL RESPONSE TO AN ACTIVE SHOOTER
943970,10/14/2019,CLT-OCCUPATIONAL-WORKPLACE SAFETY AND HEALTH
943970,10/4/2019,CLT-PROFESSIONAL DEVELOPMENT
943970,9/25/2019,CLT-PROCEDURAL OPERATIONS
943970,9/20/2019,CLT-SPECIAL POPULATIONS
943970,9/19/2019,MARIJUANA POLICY UPDATE
943970,9/18/2019,SHIELD OF RESILIENCE TRAINING COURSE
943970,9/13/2019,DOMESTIC VIOLENCE EDUCATION AND COUNSELING
943970,9/11/2019,FTS - ANNUAL CEW RECERTIFICATION
943970,8/6/2019,RESPONDING TO COMMERCIAL ROBBERIES
943970,8/2/2019,CLT-OCCUPATIONAL-WORKPLACE SAFETY AND HEALTH
943970,7/30/2019,CLT-HUMAN RESOURCES AND PERSONNEL MATTERS
943970,7/29/2019,CLT-DOCUMENTATION AND FORMS
943970,7/15/2019,CLT-OCCUPATIONAL-WORKPLACE SAFETY AND HEALTH
943970,7/5/2019,CLT-ENFORCEMENT ACTIONS
943970,7/3/2019,RESPONDING TO PEOPLE IN CRISIS – MODULE 4: USING DEPARTMENT MOBILE DIGITAL DEVICES
943970,7/3/2019,TRANSIT BUREAU - SAFETY CONSIDERATIONS FOR PATROLLING THE NYC SUBWAY SYSTEM
943970,7/3/2019,TRANSIT BUREAU - SAFETY CONSIDERATIONS FOR PATROLLING THE NYC SUBWAY SYSTEM - PART 2
943970,7/3/2019,TRANSIT BUREAU - TIMELY RESUMPTION OF SERVICE IN NYC TRANSIT
943970,6/26/2019,CLT-TACTICAL AWARENESS AND OFFICER SAFETY
943970,6/19/2019,CLT-DOCUMENTATION AND FORMS
943970,6/19/2019,CLT-SPECIAL POPULATIONS
943970,6/19/2019,COLLABORATIVE POLICING - MEDIATION REFERRAL PROGRAM FOR NON-CRIMINAL COMPLAINTS
943970,6/12/2019,WORLDPRIDE NYC 2019
943970,6/5/2019,DISCUSSION - BASED LEARNING MODULE # 1-3
943970,6/2/2019,CLT-PROCEDURAL OPERATIONS
943970,5/15/2019,CLT-TACTICAL AWARENESS AND OFFICER SAFETY
943970,4/20/2019,RESPONDING TO PEOPLE IN CRISIS - MODULES 2 AND 3: ACTIVE LISTENING PARTS 1 AND 2
943970,4/14/2019,COLLABORATIVE POLICING - THE DEAF AND HARD OF HEARING COMMUNITY
943970,4/5/2019,CLT-ENFORCEMENT ACTIONS
943970,4/5/2019,LEGAL BUREAU - PERJURY TRAINING MODULE
943970,4/4/2019,CLT-DOCUMENTATION AND FORMS
943970,3/21/2019,SAFEGUARDING PRISONERS - OFFICER SAFETY GUIDELINES
943970,3/17/2019,COLLABORATIVE POLICING - ELDER ABUSE
943970,3/17/2019,"SUPPORT SERVICES DIVISION - CLASS ""C"" OPERATOR"
943970,3/14/2019,NARCAN NASAL SPRAY TRAINING
943970,3/13/2019,FTS - SMITH AND WESSON MODEL 5946 BARREL REMEDIATION
943970,3/4/2019,CLT-DOCUMENTATION AND FORMS
943970,2/13/2019,CLT-PROCEDURAL OPERATIONS
943970,1/30/2019,2017-2019 IN-SERVICE CYCLE-INVESTIGATIVE ENCOUNTERS- BASIC TRAINING WITH SCENARIOS
943970,1/29/2019,CLT-INFORMATION TECHNOLOGY
943970,1/23/2019,CPS FAIR AND IMPARTIAL POLICING - ALL POS AND DETS
943970,1/16/2019,RESPONDING TO PEOPLE IN CRISIS - MODULE 1: SENDING THE RIGHT SIGNALS
943970,1/8/2019,PATROL DOOR BAG - ROPE AND WEDGE INTRODUCTION
943970,1/8/2019,TEXT TO 911 - INTRODUCTION
943970,1/4/2019,EQUAL EMPLOYMENT OPPORTUNITYTRAINING - SEXUAL HARASSMENT AWARENESS AND PREVENTION
943970,1/4/2019,FTS - CEW X26P HOLSTER TRAINING AND DISTRIBUTION
943970,12/20/2018,FTS - CEW END USER CERTIFICATION
943970,12/6/2018,2017-2019 IN-SERVICE CYCLE-INTEGRATED TACTICS
943970,12/6/2018,MARIJUANA BURNING ENFORCEMENT POLICY
943970,12/5/2018,AMERICANS WITH DISABILITIES ACT (ADA)
943970,11/29/2018,CLT-PROCEDURAL OPERATIONS
943970,11/14/2018,CLT-ENFORCEMENT ACTIONS
943970,11/5/2018,RESPONDING TO PEOPLE IN CRISIS-INTRODUCTION TO CIT VIDEO SERIES
943970,10/31/2018,CLT-ENFORCEMENT ACTIONS
943970,10/18/2018,CLT-DOCUMENTATION AND FORMS
943970,10/15/2018,CLT-OCCUPATIONAL-WORKPLACE SAFETY AND HEALTH
943970,10/14/2018,NYC RIGHT TO KNOW ACT LEGISLATION - PART 2
943970,10/10/2018,CLT-INFORMATION TECHNOLOGY
943970,10/10/2018,NYC RIGHT TO KNOW ACT LEGISLATION – PART 1
943970,9/27/2018,CLT-ENFORCEMENT ACTIONS
943970,9/27/2018,CLT-LEGAL ISSUES
943970,9/21/2018,RAISE THE AGE
943970,8/10/2018,CPS FAIR AND IMPARTIAL POLICING - ALL POS AND DETS
943970,7/26/2018,TACTICAL AWARENESS-SMARTPHONE SAFETY
943970,6/9/2018,COMMUNICATIONS- THE PROPER USAGE OF THE IDA RADIO CODES
943970,5/30/2018,INVESTIGATIVE ENCOUNTERS-VIDEO #3 TERRY STOPS AND REASONABLE SUSPICION-UNIT TRAINING JUNE 2016
943970,5/30/2018,INVESTIGATIVE ENCOUNTERS-VIDEO #4 DOCUMENTATION AND SUPERVISION-UNIT TRAINING JULY 2016
943970,5/30/2018,POLICE COMMISSIONER MESSAGE- NYC GIVES
943970,5/10/2018,CLT-ENFORCEMENT ACTIONS
943970,5/6/2018,CLT-INVESTIGATIONS
943970,4/30/2018,CLT-PROCEDURAL OPERATIONS
943970,4/24/2018,CLT-OCCUPATIONAL-WORKPLACE SAFETY AND HEALTH
943970,4/24/2018,CLT-PROCEDURAL OPERATIONS
943970,4/9/2018,CLT-PROCEDURAL OPERATIONS
943970,4/2/2018,CLT-PROCEDURAL OPERATIONS
943970,3/22/2018,CPS BODY-WORN CAMERA TRAINING WITH SCENARIOS
943970,3/10/2018,COLLABORATIVE POLICING- ACCESSING TELEPHONIC INTERPRETERS VIA LANGUAGE LINE
943970,3/10/2018,COLLABORATIVE POLICING- FOREIGN LANGUAGE CERTIFICATION VIDEO
943970,3/10/2018,INVESTIGATIVE ENCOUNTERS-VIDEO #1 REQUEST FOR INFO-UNIT TRAINING FEB 2016
943970,3/10/2018,INVESTIGATIVE ENCOUNTERS-VIDEO #2 COMMON LAW RIGHT OF INQUIRY-UNIT TRAINING MAY 2016
943970,3/10/2018,NARCAN NASAL SPRAY TRAINING
943970,3/10/2018,NEW PERFORMANCE EVALUATION PROCESS
943970,3/10/2018,PUBLIC CONTACT AND CONSENT TO SEARCH (RIGHT TO KNOW) - UNIT TRAINING AUGUST 2016
943970,3/9/2018,CLT-PROCEDURAL OPERATIONS
943970,3/9/2018,LEGAL BUREAU PERFORMANCE METRICS - PROHIBITED CONDUCT
943970,1/24/2018,"CPS INTERIOR PATROL OF HOUSING AUTHORITY BUILDINGS, PG 212-60 ROLL CALL VIDEO 2"
943970,1/23/2018,CLT-EQUAL EMPLOYMENT OPPORTUNITY
943970,1/17/2018,"CPS INTERIOR PATROL OF HOUSING AUTHORITY BUILDINGS, PG 212-60 ROLL CALL VIDEO 1"
943970,10/13/2017,EQUAL EMPLOYMENT OPPORTUNITY TRANSGENDER DIVERSITY AND INCLUSION:EXECUTIVE ORDER 16
943970,10/3/2017,PATROL- POLYCARBONATE SHIELD
943970,9/19/2017,CPS INTERIOR PATROL TRESPASS AFFIDAVIT PROGRAM (TAP) VIDEO 1
943970,9/19/2017,CPS INTERIOR PATROL TRESPASS AFFIDAVIT PROGRAM (TAP) VIDEO 2
943970,9/19/2017,PERSONNEL BUREAU NYPD EMPLOYEE ASSISTANCE UNIT (EAU)
943970,9/19/2017,POLICE COMMISSIONERS MESSAGE - VICTIMS OF SEXUAL ASSAULT VIDEO
943970,6/20/2017,BTK (BELT TRAUMA KIT DISTRIBUTION AND FAMILIARIZATION)
943970,5/15/2017,CRIMINAL JUSTICE REFORM ACT ROLL CALL TRAINING PART 1
943970,5/15/2017,CRIMINAL JUSTICE REFORM ACT ROLL CALL TRAINING PART 2
943970,9/22/2016,PUBLIC CONTACT AND CONSENT TO SEARCH (RIGHT TO KNOW) - UNIT TRAINING AUGUST 2016
943970,7/22/2016,INVESTIGATIVE ENCOUNTERS-VIDEO #4 DOCUMENTATION AND SUPERVISION-UNIT TRAINING JULY 2016
943970,6/16/2016,INVESTIGATIVE ENCOUNTERS-VIDEO #3 TERRY STOPS AND REASONABLE SUSPICION-UNIT TRAINING JUNE 2016
943970,5/5/2016,INVESTIGATIVE ENCOUNTERS-VIDEO #2 COMMON LAW RIGHT OF INQUIRY-UNIT TRAINING MAY 2016
943970,5/4/2016,FORCE POLICY REVISION-VIDEO-PG 221-UNIT TRAINING MAY 2016
943970,2/10/2016,2016-17 INSERVICE CYCLE-PHYSICAL TACTICS
943970,2/2/2016,INVESTIGATIVE ENCOUNTERS-VIDEO #1 REQUEST FOR INFO-UNIT TRAINING FEB 2016
943970,12/28/2015,WINDOWS PHONE TRAINING AND DISTRIBUTION
943970,12/6/2015,FORCE POLICY REVISION-PAMPHLET - PG 221 - UNIT TRAINING DECEMBER 2015
943970,11/9/2015,EMERGENCY VEHICLE OPERATION JULY 03 - JUNE 07
943970,11/9/2015,FIELD TRAINING PROGRAM JULY 03 - JUNE 07
943970,11/9/2015,PHYSICAL EDUCATION PART 1: FOUNDATIONS OF PHYSICAL FITNESS
943970,11/9/2015,PHYSICAL EDUCATION PART 2: DEFENSIVE TACTICS
943970,11/9/2015,PHYSICAL EDUCATION PART 3: AMERICAN HEART ASSOCIATION BASIC LIFE SUPPORT
943970,11/9/2015,POLICE CRISIS INTERVENTION JULY 03 - JUNE 07
943970,11/9/2015,POLICE FIELD PROBLEMS JULY 03 - JUNE 07
943970,11/9/2015,POLICE INVESTIGATION AND REPORTING JULY 03 - JUNE 07
943970,11/9/2015,POLICING A DEMOCRACY JULY 03 - JUNE 07
943970,11/9/2015,POLICING SPECIAL POPULATIONS JULY 03 - JUNE 07
943970,11/9/2015,PROCEDURAL LAW JULY 03 - JUNE 07
943970,11/9/2015,SUBSTANTIVE LAW JULY 03 - JUNE 07
943970,11/9/2015,TERRORISM AWARENESS AND RESPONSE JULY 03 - JUNE 07
943970,6/26/2015,20K TRAINING INITIATIVE - PHYSICAL TACTICS
943970,5/26/2015,20K TRAINING INITIATIVE - FOUNDATIONS OF POLICING
943970,5/15/2015,20K TRAINING INITIATIVE - SMART POLICING
943970,5/7/2015,20K TRAINING INITIATIVE - FOUNDATIONS OF POLICING
943970,1/20/2015,ATOMIZER DISTRIBUTION
943970,1/20/2015,OPIOID OVERDOSE AND INTRANASAL NALOXONE TRAINING: COMMAND LEVEL TRAINING BASIC COURSE
943970,5/30/2013,UF 250 - OPERATION IMPACT REFRESHER CERTIFIED
943970,10/20/2011,PROPERTY EVIDENCE TRACKING SYSTEM
943970,5/7/2007,COBRA - COHORT TRAINING
943970,1/10/2007,12 PASSENGER VAN / UTILITY VEHICLE QUALIFICATION
943970,1/10/2007,FOUR WHEEL DRIVE TRAINING
943970,,FOUR WHEEL DRIVE TRAINING
943970,,RECRUIT 12 PASSENGER VAN / UTILITY VEHICLE QUALIFICATION
943970,,RECRUIT RMP QUALIFICATION / RMP OPERATOR QUALIFIED
952359,10/22/2025,SUPERVISOR RESPONSIBILITIES: SQF MODULE 11
952359,10/11/2025,CLT-DOMESTIC VIOLENCE TRAINING
952359,10/11/2025,CLT-OCCUPATIONAL-WORKPLACE SAFETY AND HEALTH
952359,10/11/2025,CLT-PROCEDURAL OPERATIONS
952359,10/8/2025,EXTREME RISK PROTECTION ORDER (ERPO)
952359,10/8/2025,MICROSOFT 365 COLLABORATION ESSENTIALS-TRANSITIONING FROM OFFICE 2016
952359,10/6/2025,CLT-DOMESTIC VIOLENCE TRAINING
952359,9/17/2025,INTRODUCTION TO THE NEW 311 RADIO CODE
952359,9/10/2025,CLT-PROCEDURAL OPERATIONS
952359,9/7/2025,NYPD JOUVERT AND WEST INDIAN DAY-2025
952359,8/21/2025,CLT-DOMESTIC VIOLENCE TRAINING
952359,8/20/2025,CLT-OCCUPATIONAL-WORKPLACE SAFETY AND HEALTH
952359,8/4/2025,CLT-PROCEDURAL OPERATIONS
952359,7/28/2025,CLT-ENFORCEMENT ACTIONS
952359,7/26/2025,CLT-DOMESTIC VIOLENCE TRAINING
952359,7/26/2025,CLT-ENFORCEMENT ACTIONS
952359,7/24/2025,PATROL TACTICS
952359,7/24/2025,SPECIAL VICTIMS UNIT - BEST PRACTICES GUIDE TRAINING
952359,6/30/2025,CLT-DOMESTIC VIOLENCE TRAINING
952359,6/26/2025,2025 BWC PROFICIENCY TRAINING
952359,6/26/2025,EAU 2025 POLICE COMMISSIONER JESSICA S. TISCH
952359,5/28/2025,2025 EQUAL EMPLOYMENT OPPORTUNITY TRAINING - SEXUAL HARASSMENT AWARENESS AND PREVENTION
952359,5/28/2025,SQF REVIEW AND DOCUMENTATION: SQF MODULE 10
952359,5/20/2025,CLT-DOMESTIC VIOLENCE TRAINING
952359,5/9/2025,CLT-OCCUPATIONAL-WORKPLACE SAFETY AND HEALTH
952359,4/28/2025,CLT-DOMESTIC VIOLENCE TRAINING
952359,4/28/2025,CLT-ENFORCEMENT ACTIONS
952359,4/24/2025,CLT-DOMESTIC VIOLENCE TRAINING
952359,4/16/2025,CLT-DOMESTIC VIOLENCE TRAINING
952359,4/16/2025,CLT-PROCEDURAL OPERATIONS
952359,4/10/2025,CLT-DOMESTIC VIOLENCE TRAINING
952359,3/28/2025,CLT-DOMESTIC VIOLENCE TRAINING
952359,3/27/2025,CLT-DOMESTIC VIOLENCE TRAINING
952359,3/15/2025,CLT-PROCEDURAL OPERATIONS
952359,2/13/2025,FTS - TASER 7 ANNUAL RECERTIFICATION
952359,2/3/2025,2025 IDENTIFYING THE IMPAIRED DRIVER REFRESHER
952359,2/3/2025,RIGHT TO KNOW ACT SQF MODULE 9
952359,1/31/2025,VEHICLE PURSUITS
952359,1/18/2025,CELL BLOCK FIRESHIELD EV BLANKETS
952359,1/18/2025,KEVIN AND AVONTE SAFE HOME PROGRAM
952359,1/18/2025,MULTI-FACTOR AUTHENTICATION MFA TRAINING
952359,1/17/2025,ACTIVE SHOOTER - SCHOOL RESPONSE PROTOCOL
952359,12/14/2024,CLT-DOMESTIC VIOLENCE TRAINING
952359,12/14/2024,CLT-OCCUPATIONAL-WORKPLACE SAFETY AND HEALTH
952359,12/14/2024,CLT-PROCEDURAL OPERATIONS
952359,12/13/2024,INFORMATION SECURITY AWARENESS TRAINING 2024
952359,12/13/2024,NOTIFICATION OF ALLEGATIONS AND EMPLOYEE RIGHTS
952359,12/12/2024,CLT-PROCEDURAL OPERATIONS
952359,12/5/2024,CLT-DOMESTIC VIOLENCE TRAINING
952359,12/4/2024,BEHAVIORAL HEALTH EMERGENCY ASSISTANCE RESPONSE DIVISION B-HEARD
952359,11/18/2024,DRIVING WHILE INTOXICATED AWARENESS VIDEO MODULE 1
952359,11/18/2024,LEAVING THE SCENE COLLISIONS INVESTIGATIVE BEST PRACTICES
952359,11/14/2024,CLT-DOMESTIC VIOLENCE TRAINING
952359,11/14/2024,CLT-PROCEDURAL OPERATIONS
952359,10/17/2024,CLT-PROCEDURAL OPERATIONS
952359,10/16/2024,CLT-SPECIAL POPULATIONS
952359,10/4/2024,CLT-PROCEDURAL OPERATIONS
952359,10/4/2024,FAMILY BUILDING
952359,10/4/2024,NORTHWELL DIRECT FINEST CARE PROGRAM FOR UMOS
952359,8/29/2024,CLT-PROCEDURAL OPERATIONS
952359,8/28/2024,RACIAL PROFILING AND BIASED BASED POLICING: SQF MODULE 8
952359,8/28/2024,RAPE IS RAPE
952359,8/28/2024,UNMANNED AIRCRAFT SYSTEMS VISUAL OBSERVER
952359,8/17/2024,CLT-DOCUMENTATION AND FORMS
952359,8/17/2024,CLT-DOMESTIC VIOLENCE TRAINING
952359,8/14/2024,CLT-DOMESTIC VIOLENCE TRAINING
952359,8/14/2024,CLT-PROCEDURAL OPERATIONS
952359,7/30/2024,APX NEXT PORTABLE AND RADIO DISCIPLINE TRAINING VIDEO
952359,7/25/2024,CLT-DOMESTIC VIOLENCE TRAINING
952359,7/25/2024,CLT-OCCUPATIONAL-WORKPLACE SAFETY AND HEALTH
952359,7/21/2024,"CLT-INTEGRITY, ETHICS AND DISCIPLINE"
952359,7/17/2024,CLT-OCCUPATIONAL-WORKPLACE SAFETY AND HEALTH
952359,7/17/2024,MENTAL HEALTH INVOLUNTARY REMOVALS MHL 9.41 AND MHL 9.58
952359,6/24/2024,LEVEL 1 AND LEVEL 2 INVESTIGATIVE ENCOUNTERS
952359,6/14/2024,FTS - CEW TASER 7 TRANSITION COURSE
952359,6/14/2024,FTS - TASER 7 HOLSTER DISTRIBUTION
952359,6/11/2024,CLT-TACTICAL AWARENESS AND OFFICER SAFETY
952359,6/2/2024,ACCURATE COMPLAINT REPORT CLASSIFICATION
952359,6/2/2024,TACTICS WHEN ENGAGING INDIVIDUALS IN A MENTAL HEALTH CRISIS
952359,5/30/2024,CLT-PROCEDURAL OPERATIONS
952359,5/20/2024,CLT-DOMESTIC VIOLENCE TRAINING
952359,5/17/2024,CHILD SENSITIVE ARREST POLICY GUIDELINES AND PROCEDURES
952359,5/17/2024,CLT-DOCUMENTATION AND FORMS
952359,5/11/2024,CLT-ENFORCEMENT ACTIONS
952359,5/11/2024,CLT-SPECIAL POPULATIONS
952359,5/10/2024,ASSISTING SURVIVORS OF SEXUAL BASED VIOLENCE WITH ACCESS TO RESOURCES
952359,5/10/2024,DRIVE SMART 2024
952359,5/7/2024,2024 EQUAL EMPLOYMENT OPPORTUNITY TRAINING - SEXUAL HARASSMENT AWARENESS AND PREVENTION
952359,5/1/2024,CLT-PROCEDURAL OPERATIONS
952359,4/24/2024,HOUSING BUREAU INTERIOR PATROL TACTICS
952359,4/8/2024,POLICING THE SUBWAY 2024
952359,4/4/2024,CLT-DOMESTIC VIOLENCE TRAINING
952359,4/3/2024,CLT - OATH VS. CRIMINAL COURT SUMMONS ROLL CALL TRAINING
952359,3/20/2024,2024 VEHICLE SEIZURE FORM REFRESHER
952359,3/19/2024,CLT - OATH VS. CRIMINAL COURT SUMMONS ROLL CALL TRAINING
952359,3/19/2024,CLT-DOMESTIC VIOLENCE TRAINING
952359,3/16/2024,CLT-COUNTERTERRORISM AND INTELLIGENCE
952359,3/12/2024,NYCHA INTERIOR PATROL: SQF MODULE 7
952359,3/9/2024,CLT-BWC POLICY UPDATES
952359,3/9/2024,CLT-ENFORCEMENT ACTIONS
952359,3/5/2024,EMPLOYEE ASSISTANCE UNIT (E.A.U.) IS HERE FOR YOU- 2024
952359,2/29/2024,CLT-ENFORCEMENT ACTIONS
952359,2/26/2024,FTS - ANNUAL CEW RECERTIFICATION
952359,2/24/2024,CLT-PROCEDURAL OPERATIONS
952359,2/17/2024,CLT-COMMUNITY ENGAGEMENT
952359,2/17/2024,CLT-COUNTERTERRORISM AND INTELLIGENCE
952359,2/8/2024,CLT-DOMESTIC VIOLENCE TRAINING
952359,1/19/2024,AUTISM SPECTRUM DISORDER
952359,1/18/2024,CLT-SPECIAL POPULATIONS
952359,1/17/2024,CLT-PROCEDURAL OPERATIONS
952359,1/8/2024,LGBTQIA PLUS - DIVERSITY AND INCLUSION
952359,1/8/2024,"POSSESSION OR INGESTION OF ANABOLIC STEROIDS, HUMAN GROWTH HORMONE, AND NUTRITIONAL SUPPLEMENTS"
952359,12/21/2023,CLT-SPECIAL POPULATIONS
952359,12/20/2023,CPR-AED CARDIOPULMONARY RESUSCITATION-AUTOMATED EXTERNAL DEFIBRILLATOR REFRESHER
952359,12/20/2023,OPIOID DANGERS- FENTANYL AND CARFENTANIL
952359,12/19/2023,CLT-PROCEDURAL OPERATIONS
952359,12/19/2023,INVESTIGATIVE ENCOUNTERS SUMMARY: SQF MODULE 6
952359,12/5/2023,CLT-TACTICAL AWARENESS AND OFFICER SAFETY
952359,11/29/2023,SRG - RAPID MOBILIZATION (PATROL) LEVEL 4
952359,11/9/2023,CLT-SPECIAL POPULATIONS
952359,11/9/2023,ELDER ABUSE -2023 REFRESHER
952359,11/7/2023,SRG - SSD FFO
952359,10/31/2023,SRG - RAPID MOBILIZATION (PATROL) LEVEL 4
952359,10/27/2023,CLT-PROCEDURAL OPERATIONS
952359,10/25/2023,INVESTIGATIVE ENCOUNTERS 2023: MODULE 5 SQF LEVELS 3 AND 4
952359,10/25/2023,NYPD RECRUITMENT TRAINING VIDEO
952359,10/24/2023,CLT-PROCEDURAL OPERATIONS
952359,10/21/2023,CLT-PROCEDURAL OPERATIONS
952359,10/19/2023,CLT-SPECIAL POPULATIONS
952359,10/14/2023,VEHICLE MOUNTED VIDEO SYSTEM
952359,10/7/2023,CLT-INFORMATION TECHNOLOGY
952359,10/4/2023,CLT-PATROL TACTICS ROLLCALL TRAINING VIDEO SERIES
952359,10/4/2023,INFORMATION SECURITY AWARENESS TRAINING - 2023
952359,9/27/2023,EFFECTIVE COMMUNICATION SKILLS - DEAF OR HARD OF HEARING
952359,8/28/2023,NYPD JOUVERT AND WEST INDIAN DAY-2023
952359,8/19/2023,2023 SUMMER ALL-OUT BODY WORN CAMERA TRAINING
952359,8/19/2023,AUGMENTED REALITY FEATURE
952359,8/19/2023,UNMANNED AIRCRAFT PERMIT: DRONES FOR PUBLIC USE
952359,7/31/2023,CLT-SPECIAL POPULATIONS
952359,7/22/2023,CLT-SPECIAL POPULATIONS
952359,7/15/2023,TRAFFIC COURT TESTIMONY VIDEO
952359,7/14/2023,CLT-PROCEDURAL OPERATIONS
952359,7/11/2023,CLT-PROCEDURAL OPERATIONS
952359,6/29/2023,CLT-ENFORCEMENT ACTIONS
952359,6/25/2023,CLT-SPECIAL POPULATIONS
952359,6/23/2023,CLT-PROCEDURAL OPERATIONS
952359,6/16/2023,FTS - ANNUAL CEW RECERTIFICATION
952359,6/11/2023,CLT-SPECIAL POPULATIONS
952359,5/25/2023,CLT-PARK SMART ROLLCALL PRESENTATION
952359,5/24/2023,CLT-PROCEDURAL OPERATIONS
952359,5/23/2023,"INVESTIGATIVE ENCOUNTERS 2023: MODULE 4 SQF LEVELS 2, 3 AND 4"
952359,5/6/2023,2023 EQUAL EMPLOYMENT OPPORTUNITY TRAINING-SEXUAL HARASSMENT AWARENESS AND PREVENTION
952359,5/5/2023,CLT-PARK SMART ROLLCALL PRESENTATION
952359,4/21/2023,2023 LANGUAGE MATTERS - FOSTERING A POSITIVE WORK ENVIRONMENT
952359,4/4/2023,CLT-OCCUPATIONAL-WORKPLACE SAFETY AND HEALTH
952359,3/31/2023,CLT-PROFESSIONAL DEVELOPMENT
952359,3/29/2023,CLT-PROCEDURAL OPERATIONS
952359,3/28/2023,CLT-PROCEDURAL OPERATIONS
952359,3/25/2023,INVESTIGATIVE ENCOUNTERS 2023: MODULE 3 SQF LEVEL 2
952359,3/22/2023,CLT-COMMUNITY ENGAGEMENT
952359,3/22/2023,ESPER POLICY LIBRARY
952359,3/17/2023,CLT-DOCUMENTATION AND FORMS
952359,3/10/2023,CLT-INFORMATION TECHNOLOGY
952359,3/10/2023,CLT-LEGAL ISSUES
952359,3/4/2023,CLT-OCCUPATIONAL-WORKPLACE SAFETY AND HEALTH
952359,2/22/2023,INFORMATION SECURITY CRIMINAL JUSTICE TRAINING 2023
952359,2/20/2023,CLT-BWC POLICY UPDATES
952359,2/20/2023,CLT-TACTICAL AWARENESS AND OFFICER SAFETY
952359,2/6/2023,CLT-OCCUPATIONAL-WORKPLACE SAFETY AND HEALTH
952359,2/6/2023,CLT-PROFESSIONAL DEVELOPMENT
952359,2/5/2023,CLT-BWC POLICY UPDATES
952359,2/3/2023,CLT-OCCUPATIONAL-WORKPLACE SAFETY AND HEALTH
952359,1/31/2023,CLT- RESPONDING TO COMMERCIAL ROBBERIES 2023
952359,1/30/2023,CLT-BWC POLICY UPDATES
952359,1/28/2023,NYPD-U VOLUNTARY - INVOLUNTARY TRANSPORTS
952359,1/28/2023,RAISING THE LOWER AGE OF JUVENILE DELINQUENCY
952359,1/27/2023,CLT- RESPONDING TO COMMERCIAL ROBBERIES 2023
952359,1/14/2023,INVESTIGATIVE ENCOUNTERS 2023: MODULE 2 SQF LEVEL 1
952359,1/13/2023,CLT-DOCUMENTATION AND FORMS
952359,1/13/2023,CLT-TACTICAL AWARENESS AND OFFICER SAFETY
952359,1/6/2023,CLT-VOLUNTARY - INVOLUNTARY TRANSPORTS
952359,1/6/2023,INVESTIGATIVE ENCOUNTERS 2023 - MODULE 1 INTRODUCTION TO SQF
952359,12/22/2022,CLT-VOLUNTARY - INVOLUNTARY TRANSPORTS
952359,12/15/2022,CLT-PROCEDURAL OPERATIONS
952359,12/8/2022,CLT-DOCUMENTATION AND FORMS
952359,12/8/2022,CLT-LEGAL ISSUES
952359,12/8/2022,CLT-OCCUPATIONAL-WORKPLACE SAFETY AND HEALTH
952359,12/7/2022,CLT-PROCEDURAL OPERATIONS
952359,12/3/2022,VIDEO 1 - PATROLLING THE NYC SUBWAY SYSTEM 2022
952359,12/3/2022,VIDEO 2 -TACTICAL CONSIDERATIONS FOR TRANSIT PATROL 2022 (PART 1)
952359,12/3/2022,VIDEO 3 - TACTICAL CONSIDERATIONS FOR TRANSIT PATROL 2022 (PART 2)
952359,12/3/2022,VIDEO 4 - PLATFORM SAFETY 2022
952359,12/2/2022,CLT-PROCEDURAL OPERATIONS
952359,11/29/2022,CLT-PROCEDURAL OPERATIONS
952359,11/15/2022,CLT-ENFORCEMENT ACTIONS
952359,11/15/2022,CLT-OCCUPATIONAL-WORKPLACE SAFETY AND HEALTH
952359,11/7/2022,LGBTQIA PLUS AWARENESS
952359,10/25/2022,CLT-BWC POLICY UPDATES
952359,10/14/2022,CLT-COMMUNITY ENGAGEMENT
952359,10/10/2022,BELT-WORN TRAUMA KIT REFRESHER TRAINING VIDEO-2022
952359,10/10/2022,PROCESSING CIVILIAN COMPLAINTS
952359,10/7/2022,CLT-DOCUMENTATION AND FORMS
952359,9/23/2022,NYPD JOUVERT  WEST INDIAN DAY
952359,9/23/2022,THE EMPLOYEE ASSISTANCE UNIT (EAU) IS HERE FOR YOU
952359,9/15/2022,FTS - ANNUAL CEW RECERTIFICATION
952359,9/9/2022,CLT-BWC POLICY UPDATES
952359,8/26/2022,CLT-PROCEDURAL OPERATIONS
952359,8/26/2022,CLT-PROFESSIONAL DEVELOPMENT
952359,7/19/2022,"INTEGRATING COMMUNICATION, ASSESSMENT AND TACTICS (ICAT) MODULE 6"
952359,7/19/2022,"INTEGRATING COMMUNICATION, ASSESSMENT, AND TACTICS (ICAT) MODULE 7"
952359,7/10/2022,2022 EQUAL EMPLOYMENT OPPORTUNITY TRAINING-SEXUAL HARASSMENT AWARENESS AND PREVENTION
952359,7/10/2022,CONVICTED OFFENDER DNA DATABANK SPECIMEN COLLECTION KIT
952359,7/10/2022,VEHICLE SEIZURE FORM
952359,6/28/2022,CLT-DOCUMENTATION AND FORMS
952359,6/25/2022,CAR STOP TACTICS FOR PATROL OFFICERS - MODULE 1: CONTROLLING THE STOP
952359,6/25/2022,CAR STOP TACTICS FOR PATROL OFFICERS - MODULE 2: PROHIBITED MANEUVERS
952359,6/25/2022,CAR STOP TACTICS FOR PATROL OFFICERS - MODULE 3: THE UNKNOWN RISK STOP
952359,6/25/2022,CAR STOP TACTICS FOR PATROL OFFICERS - MODULE 4: THE HIGH-RISK STOP
952359,6/24/2022,CLT-ENFORCEMENT ACTIONS
952359,6/20/2022,CLT-ENFORCEMENT ACTIONS
952359,6/16/2022,CLT-INFORMATION TECHNOLOGY
952359,6/14/2022,CLT-NIBRS ROLL CALL TRAINING
952359,6/14/2022,CLT-SPECIAL POPULATIONS
952359,6/10/2022,BEST PRACTICES IN STRUCTURED INTERVIEWING
952359,6/10/2022,NATIONAL INCIDENT-BASED REPORTING SYSTEM (NIBRS) UPDATES TO THE OMNIFORM COMPLAINT SYSTEMV
952359,6/9/2022,CLT-NIBRS ROLL CALL TRAINING
952359,5/29/2022,CLT-SPECIAL POPULATIONS
952359,5/27/2022,PROHIBITED METHODS OF RESTRAINT
952359,5/20/2022,CLT-TACTICAL AWARENESS AND OFFICER SAFETY
952359,5/14/2022,CLT-COMMUNICATION STRATEGIES AND AIDS
952359,5/10/2022,CLT-DOCUMENTATION AND FORMS
952359,5/3/2022,CLT-PROPERTY
952359,4/12/2022,CLT-TACTICAL AWARENESS AND OFFICER SAFETY
952359,4/11/2022,CLT-SPECIAL POPULATIONS
952359,4/11/2022,CLT-TACTICAL AWARENESS AND OFFICER SAFETY
952359,4/5/2022,CLT-SPECIAL POPULATIONS
952359,4/5/2022,CLT-TACTICAL AWARENESS AND OFFICER SAFETY
952359,4/5/2022,"INTEGRATING COMMUNICATION, ASSESSMENT AND TACTICS (ICAT) MODULE 5"
952359,3/27/2022,CLT-SPECIAL POPULATIONS
952359,3/20/2022,CLT-OCCUPATIONAL-WORKPLACE SAFETY AND HEALTH
952359,3/20/2022,CLT-SPECIAL POPULATIONS
952359,3/20/2022,CLT-TACTICAL AWARENESS AND OFFICER SAFETY
952359,3/15/2022,CLT-OCCUPATIONAL-WORKPLACE SAFETY AND HEALTH
952359,3/12/2022,CLT-TACTICAL AWARENESS AND OFFICER SAFETY
952359,3/11/2022,CLT-DOCUMENTATION AND FORMS
952359,3/7/2022,CLT-SPECIAL POPULATIONS
952359,3/7/2022,CLT-TACTICAL AWARENESS AND OFFICER SAFETY
952359,3/4/2022,ILLEGAL EVICTIONS
952359,3/4/2022,"INTEGRATING COMMUNICATION, ASSESSMENT AND TACTICS (ICAT) MODULE 4"
952359,2/13/2022,CLT-SPECIAL POPULATIONS
952359,2/13/2022,CLT-TACTICAL AWARENESS AND OFFICER SAFETY
952359,2/12/2022,CLT-MEMBER-EMPLOYEE WELLNESS
952359,2/11/2022,CLT-COUNTERTERRORISM AND INTELLIGENCE
952359,2/11/2022,CLT-TACTICAL AWARENESS AND OFFICER SAFETY
952359,2/3/2022,CLT-BWC POLICY UPDATES
952359,2/3/2022,CLT-COUNTERTERRORISM AND INTELLIGENCE
952359,2/3/2022,CLT-SPECIAL POPULATIONS
952359,2/3/2022,"INTEGRATING COMMUNICATION, ASSESSMENT AND TACTICS (ICAT) MODULE 3"
952359,1/28/2022,FIELD TRAINING OFFICER - DCJS - 5-DAY CERTIFICATION
952359,1/20/2022,"INTEGRATING COMMUNICATION, ASSESSMENT AND TACTICS (ICAT) MODULE 2"
952359,1/18/2022,IDENTIFYING THE IMPAIRED DRIVER
952359,1/18/2022,LOCAL LAW 45 OF 2021-TRAFFIC ENCOUNTERS
952359,1/15/2022,CLT-EPERMIT SYSTEM
952359,1/15/2022,CLT-LEGAL ISSUES
952359,1/15/2022,CLT-PROPERTY
952359,1/13/2022,CLT-BWC POLICY UPDATES
952359,1/13/2022,CLT-EPERMIT SYSTEM
952359,1/13/2022,CLT-SPECIAL POPULATIONS
952359,12/30/2021,CLT-EJUSTICE ORDER OF PROTECTION SEARCH
952359,12/30/2021,CLT-LEGAL ISSUES
952359,12/7/2021,CLT-ENFORCEMENT ACTIONS
952359,12/7/2021,CLT-OCCUPATIONAL-WORKPLACE SAFETY AND HEALTH
952359,11/29/2021,CLT-ENFORCEMENT ACTIONS
952359,11/29/2021,CLT-OCCUPATIONAL-WORKPLACE SAFETY AND HEALTH
952359,11/22/2021,CLT-ENFORCEMENT ACTIONS
952359,11/22/2021,CLT-SPECIAL POPULATIONS
952359,11/15/2021,CLT-SPECIAL POPULATIONS
952359,11/12/2021,ARRESTS - RELIGIOUS HEAD COVERING GUIDELINES (PG 208-83)
952359,11/4/2021,BODY-WORN CAMERA REVIEW PART TWO
952359,10/19/2021,CLT-OCCUPATIONAL-WORKPLACE SAFETY AND HEALTH
952359,10/8/2021,"INTEGRATING COMMUNICATION, ASSESSMENT AND TACTICS (ICAT) MODULE 1"
952359,9/27/2021,CLT-LEGAL ISSUES
952359,9/27/2021,CLT-OCCUPATIONAL-WORKPLACE SAFETY AND HEALTH
952359,9/27/2021,CLT-SPECIAL POPULATIONS
952359,9/24/2021,CLT-SPECIAL POPULATIONS
952359,9/21/2021,BODY-WORN CAMERA REVIEW PART ONE
952359,9/16/2021,INFORMATION SECURITY AWARENESS TRAINING 2021
952359,9/16/2021,OPIOID OVERDOSE RECOGNITION AND NARCAN ADMINISTRATION -2021
952359,9/15/2021,MAYOR EXECUTIVE ORDER 78 VACCINATION - TESTING COMPLIANCE POLICY
952359,8/26/2021,CLT-OCCUPATIONAL-WORKPLACE SAFETY AND HEALTH
952359,8/26/2021,CLT-SPECIAL POPULATIONS
952359,8/10/2021,CONSTITUTIONAL POLICING AT COMMUNITY EVENTS (CPACE)
952359,7/26/2021,FTS - ANNUAL CEW RECERTIFICATION
952359,7/22/2021,CLT-ENFORCEMENT ACTIONS
952359,7/22/2021,CLT-OCCUPATIONAL-WORKPLACE SAFETY AND HEALTH
952359,7/22/2021,CLT-SPECIAL POPULATIONS
952359,7/12/2021,CLT-LEGAL ISSUES
952359,7/12/2021,CLT-PROCEDURAL OPERATIONS
952359,7/12/2021,CLT-SPECIAL POPULATIONS
952359,7/8/2021,EQUAL EMPLOYMENT OPPORTUNITY TRAINING - SEXUAL HARASSMENT AWARENESS AND PREVENTION 2021
952359,7/7/2021,CLT-PROCEDURAL OPERATIONS
952359,6/9/2021,CLT-OCCUPATIONAL-WORKPLACE SAFETY AND HEALTH
952359,6/9/2021,CLT-SPECIAL POPULATIONS
952359,6/8/2021,CLT-OCCUPATIONAL-WORKPLACE SAFETY AND HEALTH
952359,6/4/2021,ACTIVE BYSTANDERSHIP FOR LAW ENFORCEMENT (ABLE): ONE DAY COURSE
952359,6/2/2021,CLT-OCCUPATIONAL-WORKPLACE SAFETY AND HEALTH
952359,5/25/2021,EMPLOYEE ASSISTANCE UNIT-2021
952359,5/25/2021,OVERVIEW OF THE NEW DISCOVERY LAWS 2021 REFRESHER
952359,5/25/2021,PATROL GUIDE 215-17 POLICE ACTIONS RELATED QUESTIONING ARRESTS AND INVESTIGATIONS AT A NYC DEPARTMEN
952359,5/24/2021,CLT-OCCUPATIONAL-WORKPLACE SAFETY AND HEALTH
952359,5/24/2021,CLT-SPECIAL POPULATIONS
952359,5/18/2021,CLT-OCCUPATIONAL-WORKPLACE SAFETY AND HEALTH
952359,5/18/2021,CLT-SPECIAL POPULATIONS
952359,5/8/2021,CHILD SENSITIVE ARREST POLICY GUIDELINES AND PROCEDURES
952359,4/13/2021,CLT-OCCUPATIONAL-WORKPLACE SAFETY AND HEALTH
952359,4/13/2021,CLT-SPECIAL POPULATIONS
952359,4/10/2021,EQUAL EMPLOYMENT OPPORTUNITY TRAINING - LGBTQIA+ DIVERSITY AND INCLUSION / EXECUTIVE ORDER 16 OF 201
952359,4/8/2021,CLT-SPECIAL POPULATIONS
952359,4/8/2021,CUSTOMER SERVICE PROGRAM: HOW DID WE DO
952359,4/3/2021,CLT-LEGAL ISSUES
952359,4/1/2021,CLT-DOCUMENTATION AND FORMS
952359,4/1/2021,CLT-LEGAL ISSUES
952359,4/1/2021,CUSTOMER SERVICE PROGRAM: HOW DID WE DO
952359,3/23/2021,"CUSTOMER SERVICE PROGRAM:  ROLL CALL MODULE 1, INTRODUCTION TO PRECINCT GREETER PROGRAM"
952359,3/23/2021,"CUSTOMER SERVICE PROGRAM:  ROLL CALL MODULE 2, COMMUNICATION SKILLS"
952359,3/17/2021,CLT-PROCEDURAL OPERATIONS
952359,3/16/2021,CLT-PROCEDURAL OPERATIONS
952359,3/4/2021,DESK APPEARANCE TICKETS: THE NEW LAW AND THE NEW GUIDELINES FOR PROCESSING DAT'S - 2021 REFRESHER
952359,3/3/2021,CLT-OCCUPATIONAL-WORKPLACE SAFETY AND HEALTH
952359,3/3/2021,CLT-SPECIAL POPULATIONS
952359,3/3/2021,"CUSTOMER SERVICE PROGRAM:  ROLL CALL MODULE 1, INTRODUCTION TO PRECINCT GREETER PROGRAM"
952359,3/3/2021,"CUSTOMER SERVICE PROGRAM:  ROLL CALL MODULE 2, COMMUNICATION SKILLS"
952359,2/25/2021,"CUSTOMER SERVICE PROGRAM:  ROLL CALL MODULE 1, INTRODUCTION TO PRECINCT GREETER PROGRAM"
952359,2/25/2021,"CUSTOMER SERVICE PROGRAM:  ROLL CALL MODULE 2, COMMUNICATION SKILLS"
952359,2/22/2021,CLT-OCCUPATIONAL-WORKPLACE SAFETY AND HEALTH
952359,2/22/2021,"CUSTOMER SERVICE PROGRAM:  ROLL CALL MODULE 1, INTRODUCTION TO PRECINCT GREETER PROGRAM"
952359,2/22/2021,"CUSTOMER SERVICE PROGRAM:  ROLL CALL MODULE 2, COMMUNICATION SKILLS"
952359,2/10/2021,"CUSTOMER SERVICE PROGRAM:  ROLL CALL MODULE 1, INTRODUCTION TO PRECINCT GREETER PROGRAM"
952359,2/3/2021,CLT-LEGAL ISSUES
952359,1/31/2021,COVID VACCINE DISTRIBUTION AND EDUCATION
952359,12/14/2020,CLT-OCCUPATIONAL-WORKPLACE SAFETY AND HEALTH
952359,12/14/2020,CLT-SPECIAL POPULATIONS
952359,12/13/2020,CLT-OCCUPATIONAL-WORKPLACE SAFETY AND HEALTH
952359,12/13/2020,CLT-SPECIAL POPULATIONS
952359,12/11/2020,CLT-SPECIAL POPULATIONS
952359,12/5/2020,HEALTH AND WELLNESS SECTION - FINANCIAL LITERACY SERIES - MODULE 1 - YOUR MONEY VALUES AND INFLUENCE
952359,12/5/2020,HEALTH AND WELLNESS SECTION - FINANCIAL LITERACY SERIES - MODULE 2 - YOUR INCOME AND EXPENSES
952359,12/5/2020,HEALTH AND WELLNESS SECTION - MODULE 14 - FINANCIAL WELLNESS PART 1
952359,12/5/2020,HEALTH AND WELLNESS SECTION - MODULE 15 - FINANCIAL WELLNESS PART 2
952359,12/5/2020,HEALTH AND WELLNESS SECTION - MODULE 16 - GRIEF AND COPING
952359,12/5/2020,HEALTH AND WELLNESS SECTION - MODULE 17 - FINANCIAL WILLS AND TRUSTS
952359,12/5/2020,HEALTH AND WELLNESS SECTION - MODULE 18 - YOGA MYTH BUSTING
952359,12/5/2020,HEALTH AND WELLNESS SECTION - MODULE 19 - STOP SMOKING - NYC ESCAPE PROGRAM
952359,12/5/2020,HEALTH AND WELLNESS SECTION - MODULE 20 - POPPA TESTIMONIAL VIDEO
952359,12/5/2020,HEALTH AND WELLNESS SECTION - MYPLATE APP TUTORIAL
952359,12/2/2020,EQUAL EMPLOYMENT OPPORTUNITY TRAINING - LEAVE TO EXPRESS BREAST MILK
952359,12/2/2020,HEALTH AND WELLNESS SECTION - FINANCIAL LITERACY SERIES - MODULE 3 - YOUR SPENDING AND SAVINGS PLAN
952359,12/2/2020,HEALTH AND WELLNESS SECTION - FINANCIAL LITERACY SERIES - MODULE 4 - MANAGING DEBT
952359,12/2/2020,HEALTH AND WELLNESS SECTION - MODULE 13 - MINDFULNESS
952359,11/17/2020,CLT-SPECIAL POPULATIONS
952359,11/4/2020,CLT-SPECIAL POPULATIONS
952359,10/25/2020,CLT-SPECIAL POPULATIONS
952359,10/21/2020,CLT-SPECIAL POPULATIONS
952359,10/19/2020,CLT-OCCUPATIONAL-WORKPLACE SAFETY AND HEALTH
952359,10/19/2020,CLT-PROFESSIONAL DEVELOPMENT
952359,10/19/2020,CLT-SPECIAL POPULATIONS
952359,10/10/2020,CLT-PROFESSIONAL DEVELOPMENT
952359,10/7/2020,FTS - ANNUAL CEW RECERTIFICATION
952359,9/29/2020,CLT-OCCUPATIONAL-WORKPLACE SAFETY AND HEALTH
952359,9/23/2020,CLT-OCCUPATIONAL-WORKPLACE SAFETY AND HEALTH
952359,9/23/2020,CLT-SPECIAL POPULATIONS
952359,9/18/2020,CLT-SPECIAL POPULATIONS
952359,9/13/2020,2019-2020 IN-SERVICE CYCLE - TEAM TACTICS REFRESHER
952359,8/14/2020,CLT-SPECIAL POPULATIONS
952359,7/22/2020,CLT-SPECIAL POPULATIONS
952359,7/14/2020,CLT-SPECIAL POPULATIONS
952359,7/11/2020,NEW LAWS AFFECTING POLICE OFFICERS’ CRIMINAL AND CIVIL LIABILITY
952359,6/30/2020,"EQUAL EMPLOYMENT OPPORTUNITY TRAINING - SEXUAL HARASSMENT, AWARENESS AND PREVENTION"
952359,6/30/2020,VICTIM BLAMING AND RELEASE OF INFORMATION TO THE MEDIA
952359,6/21/2020,HEALTH AND WELLNESS SECTION - MODULE 12 - IN THAT DARK PLACE - AN OFFICER'S JOURNEY
952359,5/30/2020,COVID-19: PREPAREDENESS
952359,5/30/2020,COVID-19: PREPAREDNESS YOUR FAMILY AND HOME
952359,5/30/2020,COVID-19: PROTECTIVE MASKS
952359,5/30/2020,HEALTH AND WELLNESS SECTION - MODULE 1 - PSYCHOLOGICAL HEALTH AND WELLNESS
952359,5/30/2020,HEALTH AND WELLNESS SECTION - MODULE 10 - SEEKING AND RECEIVING MENTAL HEALTH SUPPORT
952359,5/30/2020,HEALTH AND WELLNESS SECTION - MODULE 11 - HEALTH AND RESILIENCY
952359,5/30/2020,HEALTH AND WELLNESS SECTION - MODULE 2 - JOB COUNSELING AND STRESS
952359,5/30/2020,HEALTH AND WELLNESS SECTION - MODULE 3 - WARNING SIGNS
952359,5/30/2020,HEALTH AND WELLNESS SECTION - MODULE 4 - CUMULATIVE TRAUMA
952359,5/30/2020,HEALTH AND WELLNESS SECTION - MODULE 5 - GAINING PERSPECTIVE
952359,5/30/2020,HEALTH AND WELLNESS SECTION - MODULE 6 - COPING WITH SIGNS OF ANXIETY DEPRESSION
952359,5/30/2020,HEALTH AND WELLNESS SECTION - MODULE 7 - LEADING WITH COMPASSION
952359,5/30/2020,"HEALTH AND WELLNESS SECTION - MODULE 8 - WARNING SIGNS, SUPPORT AND OUTREACH"
952359,5/30/2020,HEALTH AND WELLNESS SECTION - MODULE 9 - MANAGING STRESS ON THE JOB
952359,5/1/2020,SAFETY CONSIDERATIONS FOR PATROLLING THE NYC SUBWAY SYSTEM -DANGERS OF THE PLATFORM EDGE
952359,3/24/2020,CONTERTERRORISM BUREAU SITE PROTECTION THROUGH OBSERVATIONAL TECHNIQUES
952359,3/23/2020,"AXON BODY-WORN CAMERA TRAINING - CAMERA OPERATION, AXON VIEW AND EVIDENCE.COM (REQUIRED FOR LE4 COMM"
952359,3/13/2020,CLT-SPECIAL POPULATIONS
952359,3/11/2020,CLT-MEMBER-EMPLOYEE WELLNESS
952359,2/27/2020,COUNTER TERRORISM INITIAL PATROL RESPONSE TO AN ACTIVE SHOOTER
952359,2/22/2020,UTILIZING BALLISTIC PROTECTION IN DEPARTMENT VEHICLES (4:09)
952359,2/17/2020,INVESTIGATIVE ENCOUNTERS-VIDEO #2 COMMON LAW RIGHT OF INQUIRY-UNIT TRAINING MAY 2016
952359,2/15/2020,CRIMINAL JUSTICE BUREAU - GIGLIO MATERIAL DISCLOSURES UNDER THE NEW DISCOVERY LAWS
952359,2/10/2020,12 PASSENGER VAN / UTILITY VEHICLE QUALIFICATION
952359,1/18/2020,PROCESSING DISCOVERY MATERIAL IN THE FORMS ARREST FOLDER
952359,1/17/2020,CLT-PROCEDURAL OPERATIONS
952359,1/10/2020,FTS - TACTICAL TRAINING CENTER 090 PCT - SESSION 1
952359,1/8/2020,CROSSFIRE MITIGATION DURING CLOSE COMBAT INCIDENTS - PART 2
952359,12/26/2019,CLT-SPECIAL POPULATIONS
952359,12/26/2019,INCREASE OFFICER SAFETY DURING VEHICLE STOPS
952359,12/24/2019,SAFEGUARDING HOSPITALIZED PRISONERS
952359,12/23/2019,CLT-SPECIAL POPULATIONS
952359,12/19/2019,CLT-INFORMATION TECHNOLOGY
952359,12/18/2019,CLT-INFORMATION TECHNOLOGY
952359,12/17/2019,ACTIVITY LOG FOR IPHONE
952359,12/17/2019,CLT-INFORMATION TECHNOLOGY
952359,12/17/2019,CLT-INVESTIGATIONS
952359,12/17/2019,CLT-OCCUPATIONAL-WORKPLACE SAFETY AND HEALTH
952359,12/16/2019,CROSSFIRE MITIGATION DURING CLOSE COMBAT INCIDENTS
952359,12/11/2019,FTS - TACTICAL TRAINING CENTER 090 PCT - SESSION 2
952359,12/9/2019,CLT-INVESTIGATIONS
952359,12/4/2019,CJB - DESK APPEARANCE TICKETS: THE NEW LAWS AND GUIDELINES FOR PROCESSING DATS
952359,12/4/2019,CJB - OVERVIEW OF THE NEW DISCOVERY LAWS
952359,12/3/2019,RESPONDING TO COMMERCIAL ROBBERIES PART LL - MODULE 1 AND MODULE 2
952359,11/27/2019,DISCHARGING YOUR FIREARM AT A MOVING THREAT
952359,11/26/2019,CLT-OCCUPATIONAL-WORKPLACE SAFETY AND HEALTH
952359,11/21/2019,CLT-SPECIAL POPULATIONS
952359,11/20/2019,CPS - INTERIOR PATROL OF HOUSING AUTHORITY BUILDINGS
952359,11/19/2019,CLT-PROCEDURAL OPERATIONS
952359,11/15/2019,CLT-MEMBER-EMPLOYEE WELLNESS
952359,11/12/2019,CLT-MEMBER-EMPLOYEE WELLNESS
952359,11/1/2019,PRISONER ESCAPE WARNING SIGNS
952359,11/1/2019,SUCCESSFULLY DISARMING AN EMOTIONALLY DISTURBED PERSON
952359,10/28/2019,FTS - ANNUAL CEW RECERTIFICATION
952359,10/18/2019,CRIMINAL JUSTICE BUREAU - DNA TRAINING VIDEO
952359,10/18/2019,CRITICAL DECISION MAKING MODEL
952359,10/18/2019,FORCE POLICY UPDATE VIDEO
952359,10/16/2019,CLT-SPECIAL POPULATIONS
952359,10/10/2019,CLT-CRIME CONTROL STRATEGIES AND PROBLEM SOLVING
952359,9/30/2019,MARIJUANA POLICY UPDATE
952359,9/13/2019,CLT-COUNTERTERRORISM AND INTELLIGENCE
952359,9/12/2019,CLT-SPECIAL POPULATIONS
952359,9/10/2019,SHIELD OF RESILIENCE TRAINING COURSE
952359,9/8/2019,DOMESTIC VIOLENCE EDUCATION AND COUNSELING
952359,8/29/2019,CLT-PROCEDURAL OPERATIONS
952359,8/28/2019,CLT-SPECIAL POPULATIONS
952359,8/13/2019,RESPONDING TO COMMERCIAL ROBBERIES
952359,7/18/2019,CLT-OCCUPATIONAL-WORKPLACE SAFETY AND HEALTH
952359,7/18/2019,CLT-SPECIAL POPULATIONS
952359,7/18/2019,TRANSIT BUREAU - SAFETY CONSIDERATIONS FOR PATROLLING THE NYC SUBWAY SYSTEM
952359,7/18/2019,TRANSIT BUREAU - SAFETY CONSIDERATIONS FOR PATROLLING THE NYC SUBWAY SYSTEM - PART 2
952359,7/18/2019,TRANSIT BUREAU - TIMELY RESUMPTION OF SERVICE IN NYC TRANSIT
952359,7/11/2019,CLT-INFORMATION TECHNOLOGY
952359,6/27/2019,COLLABORATIVE POLICING - MEDIATION REFERRAL PROGRAM FOR NON-CRIMINAL COMPLAINTS
952359,6/27/2019,INVESTIGATIVE ENCOUNTERS-VIDEO #1 REQUEST FOR INFO-UNIT TRAINING FEB 2016
952359,6/27/2019,INVESTIGATIVE ENCOUNTERS-VIDEO #3 TERRY STOPS AND REASONABLE SUSPICION-UNIT TRAINING JUNE 2016
952359,6/27/2019,INVESTIGATIVE ENCOUNTERS-VIDEO #4 DOCUMENTATION AND SUPERVISION-UNIT TRAINING JULY 2016
952359,6/27/2019,RESPONDING TO PEOPLE IN CRISIS – MODULE 4: USING DEPARTMENT MOBILE DIGITAL DEVICES
952359,6/26/2019,CLT-MEMBER-EMPLOYEE WELLNESS
952359,6/26/2019,CLT-SPECIAL POPULATIONS
952359,6/26/2019,WORLDPRIDE NYC 2019
952359,6/20/2019,CLT-MEMBER-EMPLOYEE WELLNESS
952359,6/18/2019,CLT-PROCEDURAL OPERATIONS
952359,6/6/2019,CLT-SPECIAL POPULATIONS
952359,6/5/2019,CLT-SPECIAL POPULATIONS
952359,6/3/2019,CLT-PROPERTY
952359,5/28/2019,CLT-TACTICAL AWARENESS AND OFFICER SAFETY
952359,5/27/2019,CLT-SPECIAL POPULATIONS
952359,5/23/2019,CLT-LEGAL ISSUES
952359,5/22/2019,CLT-SPECIAL POPULATIONS
952359,5/22/2019,COLLABORATIVE POLICING - THE DEAF AND HARD OF HEARING COMMUNITY
952359,5/3/2019,CLT-SPECIAL POPULATIONS
952359,5/2/2019,CLT-OCCUPATIONAL-WORKPLACE SAFETY AND HEALTH
952359,5/2/2019,CLT-SPECIAL POPULATIONS
952359,4/28/2019,LEGAL BUREAU - PERJURY TRAINING MODULE
952359,4/28/2019,RESPONDING TO PEOPLE IN CRISIS - MODULES 2 AND 3: ACTIVE LISTENING PARTS 1 AND 2
952359,4/27/2019,CLT-SPECIAL POPULATIONS
952359,4/23/2019,CLT-SPECIAL POPULATIONS
952359,4/22/2019,CLT-SPECIAL POPULATIONS
952359,4/18/2019,CLT-SPECIAL POPULATIONS
952359,4/16/2019,CLT-ENFORCEMENT ACTIONS
952359,4/13/2019,CLT-SPECIAL POPULATIONS
952359,4/12/2019,CLT-COUNTERTERRORISM AND INTELLIGENCE
952359,4/5/2019,CLT-SPECIAL POPULATIONS
952359,4/5/2019,SAFEGUARDING PRISONERS - OFFICER SAFETY GUIDELINES
952359,3/30/2019,CLT-SPECIAL POPULATIONS
952359,3/29/2019,CLT-COUNTERTERRORISM AND INTELLIGENCE
952359,3/29/2019,CLT-PROPERTY
952359,3/29/2019,CLT-SPECIAL POPULATIONS
952359,3/29/2019,CLT-TACTICAL AWARENESS AND OFFICER SAFETY
952359,3/28/2019,CLT-PROCEDURAL OPERATIONS
952359,3/25/2019,CLT-OCCUPATIONAL-WORKPLACE SAFETY AND HEALTH
952359,3/25/2019,CLT-SPECIAL POPULATIONS
952359,3/21/2019,CLT-COMMUNICATION STRATEGIES AND AIDS
952359,3/20/2019,CLT-ENFORCEMENT ACTIONS
952359,3/20/2019,CLT-SPECIAL POPULATIONS
952359,3/15/2019,CLT-SPECIAL POPULATIONS
952359,3/15/2019,CLT-TACTICAL AWARENESS AND OFFICER SAFETY
952359,3/14/2019,CLT-TACTICAL AWARENESS AND OFFICER SAFETY
952359,3/11/2019,CLT-SPECIAL POPULATIONS
952359,3/8/2019,CLT-PROCEDURAL OPERATIONS
952359,3/6/2019,CLT-PROCEDURAL OPERATIONS
952359,3/5/2019,CLT-PROCEDURAL OPERATIONS
952359,2/27/2019,CLT-EQUAL EMPLOYMENT OPPORTUNITY
952359,2/26/2019,CLT-PROCEDURAL OPERATIONS
952359,2/26/2019,CLT-SPECIAL POPULATIONS
952359,2/26/2019,COLLABORATIVE POLICING - ELDER ABUSE
952359,2/18/2019,CLT-INFORMATION TECHNOLOGY
952359,2/14/2019,PUBLIC CONTACT AND CONSENT TO SEARCH (RIGHT TO KNOW) - UNIT TRAINING AUGUST 2016
952359,2/13/2019,NEW PERFORMANCE EVALUATION PROCESS
952359,2/13/2019,"SUPPORT SERVICES DIVISION - CLASS ""C"" OPERATOR"
952359,2/11/2019,CLT-TACTICAL AWARENESS AND OFFICER SAFETY
952359,1/25/2019,TEXT TO 911 - INTRODUCTION
952359,1/22/2019,CLT-PROCEDURAL OPERATIONS
952359,1/22/2019,CLT-SPECIAL POPULATIONS
952359,1/22/2019,TEXT TO 911 - INTRODUCTION
952359,1/20/2019,PATROL DOOR BAG - ROPE AND WEDGE INTRODUCTION
952359,1/20/2019,RESPONDING TO PEOPLE IN CRISIS - MODULE 1: SENDING THE RIGHT SIGNALS
952359,1/17/2019,CLT-LEGAL ISSUES
952359,1/17/2019,CLT-SPECIAL POPULATIONS
952359,1/16/2019,CLT-COUNTERTERRORISM AND INTELLIGENCE
952359,1/15/2019,CLT-SPECIAL POPULATIONS
952359,1/14/2019,CLT-PROCEDURAL OPERATIONS
952359,12/29/2018,EQUAL EMPLOYMENT OPPORTUNITYTRAINING - SEXUAL HARASSMENT AWARENESS AND PREVENTION
952359,12/17/2018,2017-2019 IN-SERVICE CYCLE-INVESTIGATIVE ENCOUNTERS- BASIC TRAINING WITH SCENARIOS
952359,12/14/2018,MARIJUANA BURNING ENFORCEMENT POLICY
952359,11/28/2018,CLT-COUNTERTERRORISM AND INTELLIGENCE
952359,11/26/2018,CLT-ENFORCEMENT ACTIONS
952359,11/26/2018,CLT-TACTICAL AWARENESS AND OFFICER SAFETY
952359,11/23/2018,CLT-SPECIAL POPULATIONS
952359,11/10/2018,CPS BODY-WORN CAMERA TRAINING WITH SCENARIOS
952359,11/7/2018,CLT-PROCEDURAL OPERATIONS
952359,11/5/2018,CLT-OCCUPATIONAL-WORKPLACE SAFETY AND HEALTH
952359,11/1/2018,AMERICANS WITH DISABILITIES ACT (ADA)
952359,11/1/2018,CLT-OCCUPATIONAL-WORKPLACE SAFETY AND HEALTH
952359,10/30/2018,CLT-OCCUPATIONAL-WORKPLACE SAFETY AND HEALTH
952359,10/29/2018,CLT-OCCUPATIONAL-WORKPLACE SAFETY AND HEALTH
952359,10/25/2018,2017-2019 IN-SERVICE CYCLE-INTEGRATED TACTICS
952359,10/24/2018,"CLT-INTEGRITY, ETHICS AND DISCIPLINE"
952359,10/16/2018,RESPONDING TO PEOPLE IN CRISIS-INTRODUCTION TO CIT VIDEO SERIES
952359,10/15/2018,CLT-PROCEDURAL OPERATIONS
952359,10/8/2018,CLT-SPECIAL POPULATIONS
952359,10/3/2018,CLT-PROCEDURAL OPERATIONS
952359,10/2/2018,CLT-PROCEDURAL OPERATIONS
952359,9/26/2018,CLT-ENFORCEMENT ACTIONS
952359,9/24/2018,NYC RIGHT TO KNOW ACT LEGISLATION - PART 2
952359,9/24/2018,NYC RIGHT TO KNOW ACT LEGISLATION – PART 1
952359,9/15/2018,RAISE THE AGE
952359,9/10/2018,FTS - ANNUAL CEW RECERTIFICATION
952359,8/16/2018,CLT-OCCUPATIONAL-WORKPLACE SAFETY AND HEALTH
952359,8/15/2018,CLT-PROCEDURAL OPERATIONS
952359,8/2/2018,CRIMINAL JUSTICE REFORM ACT ROLL CALL TRAINING PART 1
952359,8/2/2018,CRIMINAL JUSTICE REFORM ACT ROLL CALL TRAINING PART 2
952359,7/26/2018,CLT-DOCUMENTATION AND FORMS
952359,7/26/2018,CLT-LEGAL ISSUES
952359,7/26/2018,FTS - CEW X26P HOLSTER TRAINING AND DISTRIBUTION
952359,7/24/2018,CLT-COUNTERTERRORISM AND INTELLIGENCE
952359,7/24/2018,CLT-SPECIAL POPULATIONS
952359,7/24/2018,FTS - TACTICAL TRAINING CENTER 090 PCT - SESSION 1
952359,7/19/2018,CLT-EQUAL EMPLOYMENT OPPORTUNITY
952359,7/19/2018,CLT-LEGAL ISSUES
952359,7/19/2018,CLT-SPECIAL POPULATIONS
952359,7/17/2018,CLT-DOCUMENTATION AND FORMS
952359,7/17/2018,CLT-EQUAL EMPLOYMENT OPPORTUNITY
952359,7/2/2018,CLT-DOCUMENTATION AND FORMS
952359,6/20/2018,CPS FAIR AND IMPARTIAL POLICING - ALL POS AND DETS
952359,5/24/2018,CLT-DOCUMENTATION AND FORMS
952359,5/21/2018,CLT-DOCUMENTATION AND FORMS
952359,5/12/2018,COMMUNICATIONS- THE PROPER USAGE OF THE IDA RADIO CODES
952359,5/9/2018,FTS - CEW SAFE HANDLING REVIEW
952359,4/25/2018,CLT-DOCUMENTATION AND FORMS
952359,4/24/2018,CLT-COUNTERTERRORISM AND INTELLIGENCE
952359,4/24/2018,CLT-MEMBER-EMPLOYEE WELLNESS
952359,4/17/2018,CLT-TACTICAL AWARENESS AND OFFICER SAFETY
952359,4/11/2018,"CLT-INTEGRITY, ETHICS AND DISCIPLINE"
952359,4/10/2018,"CLT-INTEGRITY, ETHICS AND DISCIPLINE"
952359,4/5/2018,CLT-LEGAL ISSUES
952359,4/3/2018,CLT-EQUAL EMPLOYMENT OPPORTUNITY
952359,3/22/2018,CLT-TACTICAL AWARENESS AND OFFICER SAFETY
952359,3/21/2018,CLT-EQUAL EMPLOYMENT OPPORTUNITY
952359,3/21/2018,CLT-PROCEDURAL OPERATIONS
952359,3/7/2018,CLT-PROCEDURAL OPERATIONS
952359,2/27/2018,CLT-PROCEDURAL OPERATIONS
952359,2/24/2018,LEGAL BUREAU PERFORMANCE METRICS - PROHIBITED CONDUCT
952359,2/14/2018,CLT-COUNTERTERRORISM AND INTELLIGENCE
952359,2/12/2018,CLT-PROCEDURAL OPERATIONS
952359,1/17/2018,NARCAN NASAL SPRAY TRAINING
952359,1/11/2018,COLLABORATIVE POLICING- FOREIGN LANGUAGE CERTIFICATION VIDEO
952359,11/26/2017,TACTICAL AWARENESS-SMARTPHONE SAFETY
952359,10/30/2017,FTS - ANNUAL CEW RECERTIFICATION
952359,9/22/2017,COLLABORATIVE POLICING- ACCESSING TELEPHONIC INTERPRETERS VIA LANGUAGE LINE
952359,9/22/2017,INFORMATION SECURITY AWARENESS TRAINING
952359,9/22/2017,PATROL- POLYCARBONATE SHIELD
952359,7/28/2017,"CPS INTERIOR PATROL OF HOUSING AUTHORITY BUILDINGS, PG 212-60 ROLL CALL VIDEO 1"
952359,7/28/2017,"CPS INTERIOR PATROL OF HOUSING AUTHORITY BUILDINGS, PG 212-60 ROLL CALL VIDEO 2"
952359,7/28/2017,CPS INTERIOR PATROL TRESPASS AFFIDAVIT PROGRAM (TAP) VIDEO 1
952359,7/28/2017,CPS INTERIOR PATROL TRESPASS AFFIDAVIT PROGRAM (TAP) VIDEO 2
952359,7/28/2017,PERSONNEL BUREAU NYPD EMPLOYEE ASSISTANCE UNIT (EAU)
952359,7/28/2017,POLICE COMMISSIONERS MESSAGE - VICTIMS OF SEXUAL ASSAULT VIDEO
952359,7/17/2017,"CPS INTERIOR PATROL OF HOUSING AUTHORITY BUILDINGS, PG 212-60 ROLL CALL VIDEO 1"
952359,7/17/2017,"CPS INTERIOR PATROL OF HOUSING AUTHORITY BUILDINGS, PG 212-60 ROLL CALL VIDEO 2"
952359,6/23/2017,"CPS INTERIOR PATROL OF HOUSING AUTHORITY BUILDINGS, PG 212-60 ROLL CALL VIDEO 1"
952359,6/23/2017,"CPS INTERIOR PATROL OF HOUSING AUTHORITY BUILDINGS, PG 212-60 ROLL CALL VIDEO 2"
952359,6/13/2017,CRIMINAL JUSTICE REFORM ACT ROLL CALL TRAINING PART 2
952359,5/15/2017,CRIMINAL JUSTICE REFORM ACT ROLL CALL TRAINING PART 1
952359,5/9/2017,CRIMINAL JUSTICE REFORM ACT ROLL CALL TRAINING PART 1
952359,5/8/2017,EQUAL EMPLOYMENT OPPORTUNITY TRANSGENDER DIVERSITY AND INCLUSION:EXECUTIVE ORDER 16
952359,5/6/2017,CRIMINAL JUSTICE REFORM ACT ROLL CALL TRAINING PART 1
952359,1/27/2017,BTK (BELT TRAUMA KIT DISTRIBUTION AND FAMILIARIZATION)
952359,12/27/2016,HATE CRIMES AND BIAS-RELATED INCIDENTS
952359,11/19/2016,X26P TRANSITION COURSE FOR CURRENT X26 END-USER TRAINING
952359,9/5/2016,PUBLIC CONTACT AND CONSENT TO SEARCH (RIGHT TO KNOW) - UNIT TRAINING AUGUST 2016
952359,7/26/2016,FTS - CEW END USER CERT
952359,7/22/2016,2016-17 INSERVICE CYCLE-PHYSICAL TACTICS
952359,6/28/2016,INVESTIGATIVE ENCOUNTERS-VIDEO #4 DOCUMENTATION AND SUPERVISION-UNIT TRAINING JULY 2016
952359,6/20/2016,FORCE POLICY REVISION-VIDEO-PG 221-UNIT TRAINING MAY 2016
952359,6/14/2016,INVESTIGATIVE ENCOUNTERS-VIDEO #3 TERRY STOPS AND REASONABLE SUSPICION-UNIT TRAINING JUNE 2016
952359,5/20/2016,INVESTIGATIVE ENCOUNTERS-VIDEO #2 COMMON LAW RIGHT OF INQUIRY-UNIT TRAINING MAY 2016
952359,3/9/2016,INVESTIGATIVE ENCOUNTERS-VIDEO #1 REQUEST FOR INFO-UNIT TRAINING FEB 2016
952359,11/30/2015,FORCE POLICY REVISION-PAMPHLET - PG 221 - UNIT TRAINING DECEMBER 2015
952359,11/9/2015,EMERGENCY VEHICLE OPERATION JULY 07 - PRESENT
952359,11/9/2015,FIELD TRAINING PROGRAM JULY 07 - PRESENT
952359,11/9/2015,PHYSICAL EDUCATION PART 1: FOUNDATIONS OF PHYSICAL FITNESS
952359,11/9/2015,PHYSICAL EDUCATION PART 2: DEFENSIVE TACTICS JULY 07 - PRESENT
952359,11/9/2015,PHYSICAL EDUCATION PART 3: AMERICAN HEART ASSOCIATION BASIC LIFE SUPPORT
952359,11/9/2015,POLICE CRISIS INTERVENTION JULY 07 - PRESENT
952359,11/9/2015,POLICE FIELD PROBLEMS JULY 07 - PRESENT
952359,11/9/2015,POLICE INVESTIGATION AND REPORTING JULY 07 - PRESENT
952359,11/9/2015,POLICING A DEMOCRACY JULY 07 - PRESENT
952359,11/9/2015,POLICING SPECIAL POPULATIONS JULY 07 - PRESENT
952359,11/9/2015,PROCEDURAL LAW JULY 07 - PRESENT
952359,11/9/2015,SUBSTANTIVE LAW JULY 07 - PRESENT
952359,11/9/2015,TERRORISM AWARENESS AND RESPONSE JULY 07 - PRESENT
952359,10/22/2015,WINDOWS PHONE TRAINING AND DISTRIBUTION
952359,1/28/2015,20K TRAINING INITIATIVE - PHYSICAL TACTICS
952359,1/20/2015,20K TRAINING INITIATIVE - SMART POLICING
952359,1/12/2015,20K TRAINING INITIATIVE - FOUNDATIONS OF POLICING
952359,12/5/2014,IN-TAC TRAINING PROGRAM
952359,5/14/2014,COBRA - COHORT TRAINING
952359,3/11/2013,IN-TAC TRAINING PROGRAM
952359,5/31/2012,DISORDER CONTROL TRAINING
952359,5/8/2012,PROPERTY EVIDENCE TRACKING SYSTEM
952359,4/30/2012,COBRA - COHORT TRAINING
952359,2/15/2012,RECRUIT COLLISION REDUCTION INCENTIVE PROGRAM
952359,2/15/2012,RECRUIT RMP QUALIFICATION / RMP OPERATOR QUALIFIED
970329,10/22/2025,COUNTERTERRORISM CBRNE-HAZMAT OPERATIONS LEVEL TRAINING (COBRA COHORT TRAINING)
970329,10/17/2025,SRG - BICYCLE CROWD MANAGEMENT COURSE
970329,10/8/2025,SUPERVISOR RESPONSIBILITIES: SQF MODULE 11
970329,9/23/2025,MICROSOFT 365 COLLABORATION ESSENTIALS-TRANSITIONING FROM OFFICE 2016
970329,9/22/2025,EXTREME RISK PROTECTION ORDER (ERPO)
970329,9/22/2025,INTRODUCTION TO THE NEW 311 RADIO CODE
970329,8/19/2025,NYPD JOUVERT AND WEST INDIAN DAY-2025
970329,8/19/2025,PATROL TACTICS
970329,8/11/2025,SPECIAL VICTIMS UNIT - BEST PRACTICES GUIDE TRAINING
970329,6/23/2025,ASSISTING SURVIVORS OF SEXUAL BASED VIOLENCE WITH ACCESS TO RESOURCES
970329,6/21/2025,2025 BWC PROFICIENCY TRAINING
970329,6/21/2025,EAU 2025 POLICE COMMISSIONER JESSICA S. TISCH
970329,6/21/2025,SQF REVIEW AND DOCUMENTATION: SQF MODULE 10
970329,5/23/2025,2025 EQUAL EMPLOYMENT OPPORTUNITY TRAINING - SEXUAL HARASSMENT AWARENESS AND PREVENTION
970329,5/13/2025,CLT-OCCUPATIONAL-WORKPLACE SAFETY AND HEALTH
970329,5/8/2025,CLT-PROCEDURAL OPERATIONS
970329,5/7/2025,CLT-ENFORCEMENT ACTIONS
970329,4/30/2025,CLT-ENFORCEMENT ACTIONS
970329,4/21/2025,FTS - TASER 7 ANNUAL RECERTIFICATION
970329,4/16/2025,CLT-DOMESTIC VIOLENCE TRAINING
970329,3/24/2025,CLT-DOMESTIC VIOLENCE TRAINING
970329,3/20/2025,CLT-DOMESTIC VIOLENCE TRAINING
970329,2/25/2025,CLT-DOMESTIC VIOLENCE TRAINING
970329,2/12/2025,LEAVING THE SCENE COLLISIONS INVESTIGATIVE BEST PRACTICES
970329,2/10/2025,FTS - TASER 7 ANNUAL RECERTIFICATION
970329,1/25/2025,KEVIN AND AVONTE SAFE HOME PROGRAM
970329,1/22/2025,RIGHT TO KNOW ACT SQF MODULE 9
970329,1/22/2025,VEHICLE PURSUITS
970329,1/15/2025,CLT-DOMESTIC VIOLENCE TRAINING
970329,1/9/2025,2025 IDENTIFYING THE IMPAIRED DRIVER REFRESHER
970329,1/9/2025,CELL BLOCK FIRESHIELD EV BLANKETS
970329,1/7/2025,ACTIVE SHOOTER - SCHOOL RESPONSE PROTOCOL
970329,1/1/2025,CLT-DOMESTIC VIOLENCE TRAINING
970329,12/26/2024,CLT-DOMESTIC VIOLENCE TRAINING
970329,12/21/2024,INFORMATION SECURITY AWARENESS TRAINING 2024
970329,12/9/2024,NOTIFICATION OF ALLEGATIONS AND EMPLOYEE RIGHTS
970329,12/5/2024,BEHAVIORAL HEALTH EMERGENCY ASSISTANCE RESPONSE DIVISION B-HEARD
970329,11/18/2024,CLT-DOMESTIC VIOLENCE TRAINING
970329,11/17/2024,DRIVING WHILE INTOXICATED AWARENESS VIDEO MODULE 1
970329,10/24/2024,FTS - CEW TASER 7 TRANSITION COURSE
970329,10/24/2024,FTS - TASER 7 HOLSTER DISTRIBUTION
970329,10/6/2024,CLT-DOMESTIC VIOLENCE TRAINING
970329,10/6/2024,NORTHWELL DIRECT FINEST CARE PROGRAM FOR UMOS
970329,10/4/2024,CLT-PROCEDURAL OPERATIONS
970329,10/2/2024,CLT-PROCEDURAL OPERATIONS
970329,9/19/2024,CLT-DOMESTIC VIOLENCE TRAINING
970329,9/4/2024,RACIAL PROFILING AND BIASED BASED POLICING: SQF MODULE 8
970329,9/4/2024,UNMANNED AIRCRAFT SYSTEMS VISUAL OBSERVER
970329,8/22/2024,RAPE IS RAPE
970329,8/14/2024,APX NEXT PORTABLE AND RADIO DISCIPLINE TRAINING VIDEO
970329,8/7/2024,CLT-PROCEDURAL OPERATIONS
970329,8/6/2024,CLT-PROCEDURAL OPERATIONS
970329,7/16/2024,CLT-DOMESTIC VIOLENCE TRAINING
970329,7/14/2024,CLT-TACTICAL AWARENESS AND OFFICER SAFETY
970329,7/7/2024,CLT-OCCUPATIONAL-WORKPLACE SAFETY AND HEALTH
970329,7/1/2024,CLT-DOMESTIC VIOLENCE TRAINING
970329,6/25/2024,LEVEL 1 AND LEVEL 2 INVESTIGATIVE ENCOUNTERS
970329,6/23/2024,CLT-DOCUMENTATION AND FORMS
970329,6/8/2024,2024 EQUAL EMPLOYMENT OPPORTUNITY TRAINING - SEXUAL HARASSMENT AWARENESS AND PREVENTION
970329,6/8/2024,DRIVE SMART 2024
970329,5/24/2024,CLT-DOMESTIC VIOLENCE TRAINING
970329,5/16/2024,CLT-SPECIAL POPULATIONS
970329,5/14/2024,CLT-OCCUPATIONAL-WORKPLACE SAFETY AND HEALTH
970329,4/24/2024,CLT-PROCEDURAL OPERATIONS
970329,4/8/2024,POLICING THE SUBWAY 2024
970329,4/1/2024,CLT-TACTICAL AWARENESS AND OFFICER SAFETY
970329,3/24/2024,CLT-DOMESTIC VIOLENCE TRAINING
970329,3/23/2024,CLT-DOMESTIC VIOLENCE TRAINING
970329,3/22/2024,CLT - OATH VS. CRIMINAL COURT SUMMONS ROLL CALL TRAINING
970329,3/16/2024,CLT-COUNTERTERRORISM AND INTELLIGENCE
970329,3/13/2024,2024 VEHICLE SEIZURE FORM REFRESHER
970329,3/13/2024,AUTISM SPECTRUM DISORDER
970329,3/13/2024,EMPLOYEE ASSISTANCE UNIT (E.A.U.) IS HERE FOR YOU- 2024
970329,3/13/2024,NYCHA INTERIOR PATROL: SQF MODULE 7
970329,3/10/2024,CLT-DOCUMENTATION AND FORMS
970329,3/3/2024,CLT-PROCEDURAL OPERATIONS
970329,2/27/2024,CLT-DOCUMENTATION AND FORMS
970329,2/26/2024,CLT-PROCEDURAL OPERATIONS
970329,2/21/2024,CLT-DOMESTIC VIOLENCE TRAINING
970329,2/20/2024,CLT-BWC POLICY UPDATES
970329,2/18/2024,CLT-DOMESTIC VIOLENCE TRAINING
970329,2/14/2024,CLT-PROCEDURAL OPERATIONS
970329,2/9/2024,CLT-DOMESTIC VIOLENCE TRAINING
970329,2/8/2024,CLT-DOCUMENTATION AND FORMS
970329,2/7/2024,CLT-DOMESTIC VIOLENCE TRAINING
970329,2/1/2024,FTS - ANNUAL CEW RECERTIFICATION
970329,1/31/2024,"CLT-UNIFORMS, PERSONAL APPEARANCE AND EQUIPMENT"
970329,1/29/2024,CLT-PROCEDURAL OPERATIONS
970329,1/28/2024,CLT-DOCUMENTATION AND FORMS
970329,1/24/2024,CLT-LEGAL ISSUES
970329,1/22/2024,CLT-ENFORCEMENT ACTIONS
970329,1/21/2024,CLT-PROCEDURAL OPERATIONS
970329,1/16/2024,CLT-DOCUMENTATION AND FORMS
970329,1/15/2024,CLT-TACTICAL AWARENESS AND OFFICER SAFETY
970329,1/10/2024,CLT-PROCEDURAL OPERATIONS
970329,1/9/2024,CLT-DOCUMENTATION AND FORMS
970329,1/8/2024,CLT-TACTICAL AWARENESS AND OFFICER SAFETY
970329,1/7/2024,CLT-INVESTIGATIONS
970329,1/6/2024,AUGMENTED REALITY FEATURE
970329,1/6/2024,DESK APPEARANCE TICKETS: THE NEW LAW AND THE NEW GUIDELINES FOR PROCESSING DAT'S - 2021 REFRESHER
970329,1/6/2024,ELDER ABUSE -2023 REFRESHER
970329,1/6/2024,EQUAL EMPLOYMENT OPPORTUNITY TRAINING - LEAVE TO EXPRESS BREAST MILK
970329,1/6/2024,HEALTH AND WELLNESS SECTION - MODULE 12 - IN THAT DARK PLACE - AN OFFICER'S JOURNEY
970329,1/6/2024,NYPD RECRUITMENT TRAINING VIDEO
970329,1/6/2024,OPIOID DANGERS- FENTANYL AND CARFENTANIL
970329,1/6/2024,"POSSESSION OR INGESTION OF ANABOLIC STEROIDS, HUMAN GROWTH HORMONE, AND NUTRITIONAL SUPPLEMENTS"
970329,1/6/2024,VICTIM BLAMING AND RELEASE OF INFORMATION TO THE MEDIA
970329,1/2/2024,INVESTIGATIVE ENCOUNTERS SUMMARY: SQF MODULE 6
970329,1/2/2024,LGBTQIA PLUS - DIVERSITY AND INCLUSION
970329,12/28/2023,SRG - RAPID MOBILIZATION (PATROL) LEVEL 4
970329,12/17/2023,CLT-LEGAL ISSUES
970329,12/12/2023,SRG - RAPID MOBILIZATION (PATROL) LEVEL 4
970329,12/10/2023,CLT-PROCEDURAL OPERATIONS
970329,12/10/2023,CLT-PROFESSIONAL DEVELOPMENT
970329,12/5/2023,CLT-PROCEDURAL OPERATIONS
970329,11/27/2023,SRG - RAPID MOBILIZATION (PATROL) LEVEL 4
970329,11/16/2023,SRG - RAPID MOBILIZATION (PATROL) LEVEL 4
970329,11/10/2023,CLT-DOCUMENTATION AND FORMS
970329,11/9/2023,CLT-PROCEDURAL OPERATIONS
970329,11/4/2023,SRG - RAPID MOBILIZATION (PATROL) LEVEL 4
970329,11/2/2023,CLT-TACTICAL AWARENESS AND OFFICER SAFETY
970329,11/1/2023,INVESTIGATIVE ENCOUNTERS 2023: MODULE 5 SQF LEVELS 3 AND 4
970329,10/31/2023,CLT-PROCEDURAL OPERATIONS
970329,10/26/2023,CLT-PATROL TACTICS ROLLCALL TRAINING VIDEO SERIES
970329,10/25/2023,CLT-PATROL TACTICS ROLLCALL TRAINING VIDEO SERIES
970329,10/17/2023,CLT-DOCUMENTATION AND FORMS
970329,10/16/2023,"CLT-INTEGRITY, ETHICS AND DISCIPLINE"
970329,10/15/2023,CLT-COMMUNITY ENGAGEMENT
970329,10/12/2023,CLT-DOCUMENTATION AND FORMS
970329,10/12/2023,CLT-PROCEDURAL OPERATIONS
970329,10/4/2023,EFFECTIVE COMMUNICATION SKILLS - DEAF OR HARD OF HEARING
970329,10/4/2023,INFORMATION SECURITY AWARENESS TRAINING - 2023
970329,10/4/2023,VEHICLE MOUNTED VIDEO SYSTEM
970329,9/8/2023,CLT-INVESTIGATIONS
970329,8/24/2023,NYPD JOUVERT AND WEST INDIAN DAY-2023
970329,8/17/2023,TRAFFIC COURT TESTIMONY VIDEO
970329,8/17/2023,UNMANNED AIRCRAFT PERMIT: DRONES FOR PUBLIC USE
970329,8/16/2023,2023 SUMMER ALL-OUT BODY WORN CAMERA TRAINING
970329,6/14/2023,2023 EQUAL EMPLOYMENT OPPORTUNITY TRAINING-SEXUAL HARASSMENT AWARENESS AND PREVENTION
970329,5/26/2023,"INVESTIGATIVE ENCOUNTERS 2023: MODULE 4 SQF LEVELS 2, 3 AND 4"
970329,4/30/2023,CLT-PARK SMART ROLLCALL PRESENTATION
970329,4/27/2023,CLT-PROFESSIONAL DEVELOPMENT
970329,4/23/2023,CLT-PROCEDURAL OPERATIONS
970329,4/21/2023,2023 LANGUAGE MATTERS - FOSTERING A POSITIVE WORK ENVIRONMENT
970329,4/12/2023,"CLT-UNIFORMS, PERSONAL APPEARANCE AND EQUIPMENT"
970329,4/11/2023,CLT-DOCUMENTATION AND FORMS
970329,4/5/2023,CLT-BWC POLICY UPDATES
970329,4/4/2023,CLT-LEGAL ISSUES
970329,4/3/2023,CLT-DOCUMENTATION AND FORMS
970329,3/30/2023,CLT-TACTICAL AWARENESS AND OFFICER SAFETY
970329,3/30/2023,INVESTIGATIVE ENCOUNTERS 2023: MODULE 3 SQF LEVEL 2
970329,3/29/2023,CLT-DOCUMENTATION AND FORMS
970329,3/28/2023,CLT-COMMUNITY ENGAGEMENT
970329,3/28/2023,CLT-CRIME CONTROL STRATEGIES AND PROBLEM SOLVING
970329,3/28/2023,CLT-LEGAL ISSUES
970329,3/28/2023,ESPER POLICY LIBRARY
970329,3/27/2023,CLT-LEGAL ISSUES
970329,3/14/2023,CLT-DOCUMENTATION AND FORMS
970329,3/12/2023,CLT-DOCUMENTATION AND FORMS
970329,3/1/2023,CLT-DOCUMENTATION AND FORMS
970329,2/28/2023,INFORMATION SECURITY CRIMINAL JUSTICE TRAINING 2023
970329,2/26/2023,CLT-INFORMATION TECHNOLOGY
970329,2/20/2023,CLT-BWC POLICY UPDATES
970329,2/19/2023,"CLT-INTEGRITY, ETHICS AND DISCIPLINE"
970329,2/13/2023,CLT-PROFESSIONAL DEVELOPMENT
970329,2/2/2023,NYPD-U VOLUNTARY - INVOLUNTARY TRANSPORTS
970329,2/2/2023,RAISING THE LOWER AGE OF JUVENILE DELINQUENCY
970329,1/29/2023,CLT- RESPONDING TO COMMERCIAL ROBBERIES 2023
970329,1/16/2023,CLT-DOCUMENTATION AND FORMS
970329,1/12/2023,CLT-VOLUNTARY - INVOLUNTARY TRANSPORTS
970329,1/11/2023,CLT-DOCUMENTATION AND FORMS
